CHROM	GENPOS	ID	ALLELE0	ALLELE1	A1FREQ	A1FREQ_CASES	A1FREQ_CONTROLS	N	N_CASES	N_CONTROLS	TEST	BETA	SE	CHISQ	LOG10P	EXTRA
6	26205065	6:26205065:G:A	G	A	0.468846	0.490179	0.496948	275488	15579	259909	ADD	0.0665589	0.0124929	28.3848	7.00242	NA
6	26210918	6:26210918:G:T	G	T	0.273908	0.289524	0.290326	275488	15579	259909	ADD	0.0752208	0.0138591	29.4583	7.24311	NA
6	26214245	6:26214245:T:C	T	C	0.474028	0.495378	0.50244	275488	15579	259909	ADD	0.0665756	0.0124778	28.4681	7.0211	NA
6	26225804	6:26225804:C:G	C	G	0.284913	0.301078	0.30199	275488	15579	259909	ADD	0.0738846	0.0136981	29.0931	7.16125	NA
6	26233159	6:26233159:A:G	A	G	0.274226	0.291707	0.290663	275488	15579	259909	ADD	0.0790095	0.0138442	32.5706	7.93952	NA
6	26236840	6:26236840:A:G	A	G	0.274037	0.289589	0.290463	275488	15579	259909	ADD	0.0750376	0.0138499	29.3539	7.21973	NA
6	26239176	6:26239176:A:G	A	G	0.261233	0.277328	0.276891	275488	15579	259909	ADD	0.0825251	0.0140356	34.5711	8.3862	NA
6	26259579	6:26259579:G:A	G	A	0.290621	0.308524	0.30804	275488	15579	259909	ADD	0.0787843	0.013587	33.6226	8.17451	NA
6	26261835	6:26261835:G:T	G	T	0.308817	0.324957	0.327327	275488	15579	259909	ADD	0.0735835	0.0133973	30.1666	7.40177	NA
6	26264972	6:26264972:G:A	G	A	0.339178	0.356666	0.359508	275488	15579	259909	ADD	0.074394	0.0130942	32.2787	7.8743	NA
6	26272601	6:26272601:T:C	T	C	0.366161	0.384011	0.388108	275488	15579	259909	ADD	0.0705477	0.0128709	30.0432	7.37414	NA
6	26275421	6:26275421:T:C	T	C	0.309493	0.325342	0.328043	275488	15579	259909	ADD	0.0726323	0.01339	29.4238	7.23539	NA
6	26282957	6:26282957:G:A	G	A	0.36605	0.38385	0.387991	275488	15579	259909	ADD	0.0700894	0.0128714	29.6521	7.28655	NA
6	26286516	6:26286516:C:T	C	T	0.366228	0.383754	0.388179	275488	15579	259909	ADD	0.0690036	0.0128667	28.7613	7.08687	NA
6	26287827	6:26287827:G:A	G	A	0.309531	0.32547	0.328083	275488	15579	259909	ADD	0.073188	0.0133908	29.872	7.3358	NA
6	26289082	6:26289082:T:C	T	C	0.366043	0.383786	0.387983	275488	15579	259909	ADD	0.0699891	0.0128721	29.5638	7.26676	NA
6	26291299	6:26291299:G:A	G	A	0.36609	0.383946	0.388033	275488	15579	259909	ADD	0.0703699	0.0128718	29.8878	7.33934	NA
6	26291363	6:26291363:T:C	T	C	0.366034	0.38385	0.387974	275488	15579	259909	ADD	0.0702124	0.0128719	29.7539	7.30935	NA
6	26291373	6:26291373:C:T	C	T	0.309422	0.32531	0.327968	275488	15579	259909	ADD	0.0728099	0.0133919	29.5596	7.26581	NA
6	26291801	6:26291801:C:T	C	T	0.366036	0.383786	0.387975	275488	15579	259909	ADD	0.069918	0.0128715	29.5067	7.25395	NA
6	26293613	6:26293613:C:T	C	T	0.366098	0.38385	0.388041	275488	15579	259909	ADD	0.0700442	0.0128717	29.6122	7.27759	NA
6	26295458	6:26295458:G:A	G	A	0.339924	0.357372	0.360298	275488	15579	259909	ADD	0.0744665	0.0130873	32.3759	7.89601	NA
6	26297164	6:26297164:G:A	G	A	0.339866	0.357212	0.360237	275488	15579	259909	ADD	0.0739755	0.0130871	31.9512	7.80109	NA
6	26298310	6:26298310:G:A	G	A	0.339935	0.357147	0.36031	275488	15579	259909	ADD	0.0734098	0.0130868	31.4658	7.69254	NA
6	26298408	6:26298408:GC:G	GC	G	0.339866	0.35718	0.360237	275488	15579	259909	ADD	0.0739823	0.013088	31.9529	7.80146	NA
6	26298412	6:26298412:A:T	A	T	0.339866	0.35718	0.360237	275488	15579	259909	ADD	0.0739823	0.013088	31.9529	7.80146	NA
6	26301691	6:26301691:A:T	A	T	0.340084	0.357372	0.360468	275488	15579	259909	ADD	0.0738231	0.013086	31.8251	7.77288	NA
6	26302950	6:26302950:T:G	T	G	0.340026	0.357372	0.360406	275488	15579	259909	ADD	0.0740553	0.0130859	32.0262	7.81785	NA
6	26305275	6:26305275:T:C	T	C	0.33991	0.35718	0.360283	275488	15579	259909	ADD	0.0738798	0.0130879	31.8646	7.78172	NA
6	26305395	6:26305395:C:T	C	T	0.30956	0.325374	0.328114	275488	15579	259909	ADD	0.0726088	0.013391	29.4002	7.23009	NA
6	26306054	6:26306054:T:C	T	C	0.339884	0.357147	0.360256	275488	15579	259909	ADD	0.0737974	0.0130877	31.7945	7.76604	NA
6	26314010	6:26314010:G:C	G	C	0.339683	0.356987	0.360043	275488	15579	259909	ADD	0.0738878	0.013087	31.8762	7.78432	NA
6	26317156	6:26317156:C:T	C	T	0.339668	0.356923	0.360027	275488	15579	259909	ADD	0.0736166	0.0130895	31.6307	7.72941	NA
6	26318571	6:26318571:C:A	C	A	0.339601	0.356859	0.359956	275488	15579	259909	ADD	0.0735516	0.0130906	31.5695	7.71574	NA
6	26322245	6:26322245:G:A	G	A	0.30936	0.325246	0.327903	275488	15579	259909	ADD	0.0729361	0.0133935	29.6549	7.28716	NA
6	26322540	6:26322540:C:G	C	G	0.339545	0.356762	0.359896	275488	15579	259909	ADD	0.0735206	0.0130921	31.5355	7.70812	NA
6	26322904	6:26322904:C:G	C	G	0.309369	0.325246	0.327912	275488	15579	259909	ADD	0.0727681	0.0133939	29.5168	7.25621	NA
6	26325805	6:26325805:C:T	C	T	0.339617	0.356794	0.359973	275488	15579	259909	ADD	0.0732846	0.0130928	31.3299	7.66213	NA
6	26325954	6:26325954:C:T	C	T	0.309327	0.325085	0.327868	275488	15579	259909	ADD	0.0721804	0.0133948	29.0381	7.14893	NA
6	26327737	6:26327737:T:G	T	G	0.339655	0.356859	0.360014	275488	15579	259909	ADD	0.0734451	0.0130915	31.4735	7.69427	NA
6	26328470	6:26328470:A:AT	A	AT	0.337232	0.35458	0.357446	275488	15579	259909	ADD	0.0742896	0.0131115	32.1035	7.83512	NA
6	26331741	6:26331741:A:G	A	G	0.366802	0.384235	0.388787	275488	15579	259909	ADD	0.0686979	0.0128703	28.4912	7.0263	NA
6	26335769	6:26335769:G:A	G	A	0.366649	0.384267	0.388626	275488	15579	259909	ADD	0.0687889	0.0128698	28.569	7.04374	NA
6	26336072	6:26336072:T:C	T	C	0.311858	0.327877	0.33055	275488	15579	259909	ADD	0.0726264	0.0133687	29.5129	7.25534	NA
6	26336610	6:26336610:C:A	C	A	0.366715	0.384364	0.388695	275488	15579	259909	ADD	0.0689956	0.0128689	28.7447	7.08315	NA
6	26337036	6:26337036:G:A	G	A	0.310326	0.326433	0.328926	275488	15579	259909	ADD	0.0723368	0.0133856	29.204	7.18611	NA
6	26337309	6:26337309:A:G	A	G	0.366771	0.384428	0.388755	275488	15579	259909	ADD	0.0690253	0.012868	28.7734	7.08959	NA
6	26337828	6:26337828:A:G	A	G	0.366905	0.384524	0.388897	275488	15579	259909	ADD	0.0689859	0.0128682	28.7399	7.08207	NA
6	26338206	6:26338206:T:G	T	G	0.31179	0.327781	0.330478	275488	15579	259909	ADD	0.0726372	0.0133691	29.5196	7.25686	NA
6	26338310	6:26338310:T:G	T	G	0.311832	0.327877	0.330523	275488	15579	259909	ADD	0.0729542	0.0133686	29.7803	7.31526	NA
6	26338469	6:26338469:A:G	A	G	0.367252	0.384749	0.389264	275488	15579	259909	ADD	0.0685724	0.0128666	28.4036	7.00664	NA
6	97984426	6:97984426:C:CA	C	CA	0.546314	0.530393	0.579059	275488	15579	259909	ADD	-0.068408	0.0125368	29.7742	7.3139	NA
1	173843501	1:173843501:C:A	C	A	0.325303	0.312793	0.344801	275488	15579	259909	ADD	-0.0757479	0.0136311	30.88	7.56149	NA
1	173845973	1:173845973:T:C	T	C	0.325325	0.312793	0.344824	275488	15579	259909	ADD	-0.0757811	0.0136306	30.9096	7.56811	NA
1	173846152	1:173846152:T:C	T	C	0.325279	0.312729	0.344776	275488	15579	259909	ADD	-0.0759185	0.0136323	31.0138	7.59142	NA
1	173851227	1:173851227:T:C	T	C	0.325268	0.313146	0.344764	275488	15579	259909	ADD	-0.0735905	0.0136205	29.1918	7.18338	NA
1	173855675	1:173855675:C:T	C	T	0.32615	0.313884	0.345699	275488	15579	259909	ADD	-0.0748353	0.0136207	30.1865	7.40624	NA
1	173863198	1:173863198:C:T	C	T	0.326187	0.313852	0.345738	275488	15579	259909	ADD	-0.0752178	0.0136211	30.4943	7.47515	NA
1	173863634	1:173863634:C:CA	C	CA	0.325619	0.313403	0.345136	275488	15579	259909	ADD	-0.0736003	0.0136247	29.1812	7.18101	NA
1	173869650	1:173869650:TG:T	TG	T	0.326152	0.31382	0.345701	275488	15579	259909	ADD	-0.0751122	0.0136207	30.4104	7.45636	NA
1	173873329	1:173873329:A:G	A	G	0.329651	0.317703	0.34941	275488	15579	259909	ADD	-0.0746042	0.0135857	30.1552	7.39924	NA
1	173874913	1:173874913:A:T	A	T	0.330601	0.318634	0.350416	275488	15579	259909	ADD	-0.0739642	0.0135744	29.6894	7.29489	NA
1	173876972	1:173876972:G:A	G	A	0.329474	0.317479	0.349222	275488	15579	259909	ADD	-0.0748505	0.0135871	30.3483	7.44246	NA
1	173877452	1:173877452:T:G	T	G	0.329493	0.317447	0.349243	275488	15579	259909	ADD	-0.0750608	0.0135854	30.527	7.48246	NA
1	173878871	1:173878871:A:G	A	G	0.329383	0.317447	0.349125	275488	15579	259909	ADD	-0.0747095	0.0135874	30.2329	7.41663	NA
1	173882172	1:173882172:G:A	G	A	0.328156	0.316131	0.347825	275488	15579	259909	ADD	-0.0754646	0.0136007	30.7866	7.54057	NA
1	173883989	1:173883989:T:C	T	C	0.329784	0.317511	0.349551	275488	15579	259909	ADD	-0.0755708	0.01359	30.9221	7.5709	NA
1	173886160	1:173886160:A:T	A	T	0.329517	0.317511	0.349268	275488	15579	259909	ADD	-0.074878	0.0135876	30.3682	7.44693	NA
1	173887899	1:173887899:C:T	C	T	0.329691	0.317735	0.349452	275488	15579	259909	ADD	-0.0745782	0.0135867	30.1296	7.39349	NA
1	173888145	1:173888145:A:G	A	G	0.329577	0.317575	0.349331	275488	15579	259909	ADD	-0.0747427	0.0135871	30.2609	7.42289	NA
1	173889962	1:173889962:A:G	A	G	0.329555	0.317479	0.349308	275488	15579	259909	ADD	-0.0752505	0.0135874	30.6723	7.515	NA
1	173894071	1:173894071:G:A	G	A	0.329633	0.317511	0.349391	275488	15579	259909	ADD	-0.0752493	0.0135878	30.6697	7.51441	NA
1	173894429	1:173894429:G:T	G	T	0.329564	0.317543	0.349318	275488	15579	259909	ADD	-0.075235	0.013591	30.6432	7.50848	NA
1	173894430	1:173894430:A:T	A	T	0.329575	0.317607	0.349329	275488	15579	259909	ADD	-0.0750845	0.0135908	30.5216	7.48126	NA
1	173894431	1:173894431:T:A	T	A	0.329564	0.317543	0.349318	275488	15579	259909	ADD	-0.075235	0.013591	30.6432	7.50848	NA
1	173896448	1:173896448:C:T	C	T	0.329443	0.31735	0.349189	275488	15579	259909	ADD	-0.0755567	0.0135901	30.9101	7.56822	NA
1	173896936	1:173896936:T:A	T	A	0.329423	0.317318	0.349168	275488	15579	259909	ADD	-0.0755595	0.0135908	30.9092	7.56801	NA
1	173901183	1:173901183:GTAC:G	GTAC	G	0.329096	0.317094	0.348821	275488	15579	259909	ADD	-0.0746291	0.0135911	30.1513	7.39834	NA
1	173909333	1:173909333:A:G	A	G	0.313819	0.301752	0.332629	275488	15579	259909	ADD	-0.0739012	0.0137777	28.7708	7.089	NA
1	173909694	1:173909694:T:C	T	C	0.333189	0.321073	0.35316	275488	15579	259909	ADD	-0.0747305	0.0135513	30.4111	7.45653	NA
1	173909724	1:173909724:T:C	T	C	0.328976	0.316773	0.348695	275488	15579	259909	ADD	-0.0755548	0.0135951	30.8856	7.56274	NA
1	173912733	1:173912733:C:T	C	T	0.328579	0.316644	0.348273	275488	15579	259909	ADD	-0.0743264	0.0135952	29.8893	7.33968	NA
15	54866724	15:54866724:A:G	A	G	0.311707	0.327235	0.33039	275488	15579	259909	ADD	0.0785482	0.0135977	33.369	8.11788	NA
17	11325637	17:11325637:G:C	G	C	0.514612	0.499486	0.545457	275488	15579	259909	ADD	-0.0682737	0.0127342	28.7449	7.0832	NA
17	52183006	17:52183006:C:T	C	T	0.329679	0.34585	0.349439	275488	15579	259909	ADD	0.0805953	0.0134577	35.8658	8.67492	NA
17	52184573	17:52184573:C:CA	C	CA	0.330259	0.345946	0.350055	275488	15579	259909	ADD	0.0786481	0.0135035	33.9224	8.24143	NA
17	52192908	17:52192908:C:T	C	T	0.333392	0.349156	0.353375	275488	15579	259909	ADD	0.0788319	0.013423	34.4907	8.36827	NA
17	52193688	17:52193688:G:A	G	A	0.333123	0.348931	0.35309	275488	15579	259909	ADD	0.078791	0.0134246	34.447	8.35852	NA
17	52194157	17:52194157:G:A	G	A	0.333064	0.348835	0.353027	275488	15579	259909	ADD	0.0789909	0.0134254	34.6179	8.39664	NA
17	52194314	17:52194314:G:A	G	A	0.333089	0.348835	0.353054	275488	15579	259909	ADD	0.0786868	0.0134255	34.3513	8.33717	NA
17	52195457	17:52195457:T:TA	T	TA	0.333314	0.34922	0.353292	275488	15579	259909	ADD	0.0790201	0.0134242	34.6494	8.40366	NA
17	52197033	17:52197033:G:A	G	A	0.333025	0.348771	0.352986	275488	15579	259909	ADD	0.0786525	0.0134273	34.3122	8.32843	NA
17	52199569	17:52199569:C:G	C	G	0.3331	0.349092	0.353065	275488	15579	259909	ADD	0.0792598	0.0134249	34.8566	8.44988	NA
17	52202137	17:52202137:C:T	C	T	0.333083	0.34906	0.353048	275488	15579	259909	ADD	0.0792981	0.0134266	34.8814	8.45542	NA
17	52205474	17:52205474:C:T	C	T	0.333071	0.349124	0.353034	275488	15579	259909	ADD	0.0796296	0.0134258	35.1779	8.52154	NA
17	52208074	17:52208074:G:A	G	A	0.332976	0.348835	0.352934	275488	15579	259909	ADD	0.0790543	0.0134276	34.6619	8.40646	NA
17	52208361	17:52208361:C:CT	C	CT	0.341058	0.356891	0.361501	275488	15579	259909	ADD	0.0767635	0.01335	33.0635	8.04964	NA
17	52210088	17:52210088:C:A	C	A	0.333123	0.349124	0.35309	275488	15579	259909	ADD	0.0793749	0.0134255	34.9546	8.47175	NA
17	52210961	17:52210961:G:T	G	T	0.340804	0.356506	0.361232	275488	15579	259909	ADD	0.0764055	0.0133502	32.7548	7.98068	NA
17	52211845	17:52211845:G:T	G	T	0.333358	0.349348	0.353338	275488	15579	259909	ADD	0.0791554	0.0134242	34.7682	8.43016	NA
17	52212996	17:52212996:A:G	A	G	0.333414	0.349413	0.353398	275488	15579	259909	ADD	0.0790597	0.013423	34.6903	8.4128	NA
17	52213595	17:52213595:C:T	C	T	0.319796	0.334874	0.338964	275488	15579	259909	ADD	0.0771398	0.0135662	32.3328	7.88638	NA
17	52213680	17:52213680:C:T	C	T	0.31999	0.335163	0.33917	275488	15579	259909	ADD	0.0772283	0.0135612	32.4307	7.90826	NA
17	52213821	17:52213821:C:A	C	A	0.327332	0.342095	0.346952	275488	15579	259909	ADD	0.074105	0.0134852	30.1982	7.40886	NA
17	52216139	17:52216139:T:C	T	C	0.319793	0.334874	0.33896	275488	15579	259909	ADD	0.07725	0.0135659	32.4263	7.90728	NA
17	52217005	17:52217005:C:G	C	G	0.341098	0.356826	0.361543	275488	15579	259909	ADD	0.0763102	0.0133475	32.6863	7.96537	NA
17	52217016	17:52217016:C:T	C	T	0.333427	0.349413	0.353411	275488	15579	259909	ADD	0.0792093	0.0134222	34.8262	8.4431	NA
17	52217136	17:52217136:A:G	A	G	0.333412	0.349348	0.353396	275488	15579	259909	ADD	0.0788185	0.013422	34.4842	8.36681	NA
17	52217662	17:52217662:G:A	G	A	0.333069	0.348931	0.353033	275488	15579	259909	ADD	0.0790515	0.013428	34.6574	8.40545	NA
17	52219099	17:52219099:G:T	G	T	0.327615	0.342288	0.347252	275488	15579	259909	ADD	0.0734606	0.0134823	29.688	7.29459	NA
17	52219419	17:52219419:A:C	A	C	0.341102	0.356762	0.361547	275488	15579	259909	ADD	0.0756993	0.013349	32.1576	7.84723	NA
17	52220547	17:52220547:A:G	A	G	0.345737	0.361223	0.36646	275488	15579	259909	ADD	0.0762626	0.0133169	32.7956	7.98979	NA
17	52221053	17:52221053:T:C	T	C	0.354286	0.369536	0.375521	275488	15579	259909	ADD	0.0739701	0.0132452	31.1885	7.63051	NA
17	52221081	17:52221081:C:A	C	A	0.346741	0.36225	0.367524	275488	15579	259909	ADD	0.0765821	0.0133105	33.1032	8.0585	NA
17	52221703	17:52221703:A:G	A	G	0.345915	0.36148	0.366649	275488	15579	259909	ADD	0.0755898	0.0133212	32.1986	7.8564	NA
17	52221719	17:52221719:G:A	G	A	0.345509	0.360902	0.366218	275488	15579	259909	ADD	0.0752362	0.0133257	31.8768	7.78445	NA
17	52222208	17:52222208:C:CT	C	CT	0.344736	0.360036	0.365398	275488	15579	259909	ADD	0.0745295	0.0133367	31.2292	7.63961	NA
17	52222449	17:52222449:T:C	T	C	0.344748	0.360068	0.365412	275488	15579	259909	ADD	0.0744621	0.013337	31.171	7.6266	NA
17	52222835	17:52222835:C:G	C	G	0.34477	0.360068	0.365435	275488	15579	259909	ADD	0.0745365	0.0133369	31.234	7.64068	NA
17	52223371	17:52223371:G:A	G	A	0.344541	0.359619	0.365193	275488	15579	259909	ADD	0.0742532	0.013339	30.9873	7.58548	NA
17	52223575	17:52223575:G:A	G	A	0.344759	0.360036	0.365423	275488	15579	259909	ADD	0.0744584	0.0133369	31.1684	7.626	NA
17	52223700	17:52223700:A:G	A	G	0.341483	0.356634	0.361951	275488	15579	259909	ADD	0.0749261	0.013365	31.4287	7.68424	NA
17	52223752	17:52223752:A:G	A	G	0.344745	0.360004	0.365408	275488	15579	259909	ADD	0.0744078	0.0133372	31.1249	7.61629	NA
17	52223755	17:52223755:C:T	C	T	0.344554	0.359619	0.365206	275488	15579	259909	ADD	0.0741677	0.0133394	30.914	7.5691	NA
17	52224925	17:52224925:A:G	A	G	0.331269	0.34585	0.351124	275488	15579	259909	ADD	0.0737304	0.0134662	29.9778	7.35951	NA
17	52225497	17:52225497:C:T	C	T	0.331267	0.345786	0.351122	275488	15579	259909	ADD	0.0733231	0.0134673	29.6427	7.28442	NA
17	52225750	17:52225750:C:G	C	G	0.33127	0.345786	0.351126	275488	15579	259909	ADD	0.0732421	0.0134671	29.5783	7.27	NA
17	52225860	17:52225860:C:T	C	T	0.331267	0.345754	0.351122	275488	15579	259909	ADD	0.0731868	0.0134678	29.5304	7.25928	NA
17	52226161	17:52226161:C:T	C	T	0.331272	0.345786	0.351128	275488	15579	259909	ADD	0.0732202	0.0134669	29.5615	7.26623	NA
17	52226410	17:52226410:A:G	A	G	0.344761	0.3601	0.365425	275488	15579	259909	ADD	0.0746479	0.0133341	31.3405	7.6645	NA
17	52228580	17:52228580:G:T	G	T	0.331328	0.345722	0.351188	275488	15579	259909	ADD	0.0728413	0.0134676	29.2535	7.19721	NA
17	52228751	17:52228751:G:A	G	A	0.331325	0.34569	0.351184	275488	15579	259909	ADD	0.0727832	0.0134678	29.206	7.18657	NA
17	52229566	17:52229566:A:T	A	T	0.331376	0.345754	0.351238	275488	15579	259909	ADD	0.0727249	0.0134667	29.1636	7.17707	NA
17	52231240	17:52231240:A:G	A	G	0.344855	0.360004	0.365525	275488	15579	259909	ADD	0.0740237	0.0133379	30.8011	7.54381	NA
17	52231265	17:52231265:A:G	A	G	0.344855	0.360004	0.365525	275488	15579	259909	ADD	0.0740237	0.0133379	30.8011	7.54381	NA
17	52232266	17:52232266:G:T	G	T	0.34473	0.359972	0.365393	275488	15579	259909	ADD	0.0744037	0.0133375	31.1199	7.61515	NA
17	52232290	17:52232290:A:G	A	G	0.344723	0.360004	0.365385	275488	15579	259909	ADD	0.0745615	0.0133373	31.2529	7.64492	NA
17	52232511	17:52232511:C:A	C	A	0.34471	0.359972	0.365371	275488	15579	259909	ADD	0.0743237	0.0133376	31.0527	7.60012	NA
17	52234187	17:52234187:C:G	C	G	0.344748	0.360004	0.365412	275488	15579	259909	ADD	0.0743507	0.0133381	31.073	7.60466	NA
17	52235070	17:52235070:A:G	A	G	0.34483	0.360132	0.365498	275488	15579	259909	ADD	0.0745081	0.0133359	31.2148	7.63638	NA
17	52235341	17:52235341:C:T	C	T	0.344783	0.360068	0.365448	275488	15579	259909	ADD	0.0744496	0.013337	31.1608	7.62431	NA
17	52236075	17:52236075:A:C	A	C	0.344765	0.360036	0.365429	275488	15579	259909	ADD	0.0743589	0.0133372	31.0838	7.60707	NA
17	52236251	17:52236251:C:G	C	G	0.344788	0.3601	0.365454	275488	15579	259909	ADD	0.0745931	0.0133373	31.2794	7.65084	NA
17	52236718	17:52236718:C:T	C	T	0.344726	0.360164	0.365389	275488	15579	259909	ADD	0.0752008	0.0133369	31.7932	7.76575	NA
17	52236990	17:52236990:C:T	C	T	0.344801	0.360164	0.365468	275488	15579	259909	ADD	0.0747718	0.0133369	31.4315	7.68486	NA
17	52237391	17:52237391:G:A	G	A	0.344694	0.360132	0.365354	275488	15579	259909	ADD	0.0752117	0.0133373	31.8007	7.76743	NA
17	52237684	17:52237684:C:T	C	T	0.344757	0.360196	0.365421	275488	15579	259909	ADD	0.0751265	0.0133372	31.7289	7.75139	NA
17	52238735	17:52238735:T:C	T	C	0.344746	0.360196	0.36541	275488	15579	259909	ADD	0.0751931	0.0133372	31.7853	7.76398	NA
17	52238760	17:52238760:C:G	C	G	0.344739	0.360196	0.365402	275488	15579	259909	ADD	0.0752268	0.013337	31.8145	7.77053	NA
17	52239482	17:52239482:A:G	A	G	0.344712	0.360164	0.365373	275488	15579	259909	ADD	0.0753292	0.0133373	31.9002	7.78967	NA
17	52239739	17:52239739:T:G	T	G	0.344772	0.360325	0.365437	275488	15579	259909	ADD	0.0754709	0.0133361	32.0256	7.81773	NA
20	48895255	20:48895255:T:C	T	C	0.66535	0.68342	0.70523	275488	15579	259909	ADD	0.0818445	0.0136226	36.0962	8.72627	NA
20	48905546	20:48905546:C:T	C	T	0.532796	0.54811	0.564731	275488	15579	259909	ADD	0.0684306	0.012815	28.5144	7.03151	NA
20	48905549	20:48905549:CT:C	CT	C	0.531987	0.547339	0.563873	275488	15579	259909	ADD	0.0683586	0.0128123	28.4662	7.02069	NA
20	48906417	20:48906417:T:C	T	C	0.532809	0.548238	0.564745	275488	15579	259909	ADD	0.0689524	0.0128183	28.936	7.12603	NA
20	48906783	20:48906783:C:T	C	T	0.532814	0.54827	0.56475	275488	15579	259909	ADD	0.0690351	0.0128179	29.0074	7.14205	NA
20	48907328	20:48907328:A:C	A	C	0.634117	0.654439	0.672124	275488	15579	259909	ADD	0.0901397	0.0133433	45.6355	10.8464	NA
20	48907458	20:48907458:T:C	T	C	0.531769	0.547179	0.563642	275488	15579	259909	ADD	0.0689834	0.0128139	28.982	7.13635	NA
20	48908920	20:48908920:T:G	T	G	0.532822	0.548206	0.564758	275488	15579	259909	ADD	0.0687519	0.0128171	28.7731	7.08953	NA
20	48908981	20:48908981:T:C	T	C	0.532795	0.548206	0.564729	275488	15579	259909	ADD	0.0688849	0.0128182	28.8798	7.11344	NA
20	48909823	20:48909823:C:T	C	T	0.532814	0.548238	0.56475	275488	15579	259909	ADD	0.068876	0.0128178	28.8741	7.11217	NA
20	48909956	20:48909956:T:G	T	G	0.634122	0.654439	0.67213	275488	15579	259909	ADD	0.0901286	0.0133434	45.6239	10.8438	NA
20	48910022	20:48910022:T:C	T	C	0.532818	0.548238	0.564754	275488	15579	259909	ADD	0.0688925	0.012818	28.8871	7.11508	NA
20	48910083	20:48910083:C:T	C	T	0.532814	0.548174	0.56475	275488	15579	259909	ADD	0.0688251	0.0128174	28.8333	7.10302	NA
20	48910269	20:48910269:C:T	C	T	0.53278	0.548238	0.564714	275488	15579	259909	ADD	0.0690732	0.0128178	29.0395	7.14924	NA
20	48911114	20:48911114:T:C	T	C	0.532836	0.548334	0.564774	275488	15579	259909	ADD	0.0692699	0.0128167	29.2106	7.1876	NA
20	48911205	20:48911205:A:C	A	C	0.63391	0.654086	0.671905	275488	15579	259909	ADD	0.0901852	0.0133428	45.685	10.8574	NA
20	48911800	20:48911800:C:T	C	T	0.532802	0.548238	0.564737	275488	15579	259909	ADD	0.0689975	0.0128182	28.9744	7.13465	NA
20	48911906	20:48911906:C:T	C	T	0.532824	0.54827	0.56476	275488	15579	259909	ADD	0.0690358	0.0128182	29.0066	7.14187	NA
20	48912414	20:48912414:T:A	T	A	0.532802	0.548238	0.564737	275488	15579	259909	ADD	0.0689491	0.0128179	28.9351	7.12585	NA
20	48912974	20:48912974:A:G	A	G	0.532824	0.548238	0.56476	275488	15579	259909	ADD	0.0689728	0.0128174	28.9572	7.13081	NA
20	48913376	20:48913376:C:T	C	T	0.634113	0.654503	0.672121	275488	15579	259909	ADD	0.0904424	0.0133438	45.9395	10.9138	NA
20	48913500	20:48913500:T:C	T	C	0.634113	0.654503	0.672121	275488	15579	259909	ADD	0.0905242	0.0133425	46.0316	10.9342	NA
20	48913613	20:48913613:C:T	C	T	0.634256	0.654439	0.672272	275488	15579	259909	ADD	0.0895442	0.0133429	45.0372	10.7137	NA
20	48914264	20:48914264:TTGC:T	TTGC	T	0.632554	0.653123	0.670468	275488	15579	259909	ADD	0.0908259	0.0133431	46.3343	11.0013	NA
20	48914387	20:48914387:T:TA	T	TA	0.633808	0.65415	0.671797	275488	15579	259909	ADD	0.0909054	0.0133414	46.4275	11.0219	NA
20	48914708	20:48914708:A:G	A	G	0.502777	0.518454	0.532912	275488	15579	259909	ADD	0.072838	0.0127428	32.6731	7.96242	NA
20	48915069	20:48915069:T:C	T	C	0.634138	0.654471	0.672147	275488	15579	259909	ADD	0.0903653	0.0133422	45.872	10.8988	NA
20	48915351	20:48915351:A:G	A	G	0.502824	0.518583	0.532962	275488	15579	259909	ADD	0.073195	0.012743	32.9926	8.03382	NA
20	48915630	20:48915630:A:G	A	G	0.502917	0.518839	0.533061	275488	15579	259909	ADD	0.0738149	0.0127411	33.5639	8.1614	NA
20	48915661	20:48915661:A:G	A	G	0.502804	0.518647	0.532941	275488	15579	259909	ADD	0.0735844	0.0127415	33.3529	8.11429	NA
20	48916416	20:48916416:C:T	C	T	0.502904	0.518807	0.533047	275488	15579	259909	ADD	0.0737629	0.0127426	33.5087	8.14907	NA
20	48916462	20:48916462:A:G	A	G	0.634151	0.654567	0.672161	275488	15579	259909	ADD	0.0906576	0.0133433	46.1614	10.963	NA
20	48917118	20:48917118:T:C	T	C	0.634035	0.654374	0.672038	275488	15579	259909	ADD	0.0903596	0.0133412	45.8735	10.8991	NA
20	48917419	20:48917419:C:T	C	T	0.502799	0.518647	0.532936	275488	15579	259909	ADD	0.0735734	0.0127426	33.3372	8.11077	NA
20	48918572	20:48918572:T:C	T	C	0.50281	0.518711	0.532947	275488	15579	259909	ADD	0.0738228	0.0127429	33.5615	8.16086	NA
20	48918724	20:48918724:G:T	G	T	0.502777	0.518647	0.532912	275488	15579	259909	ADD	0.0736787	0.0127423	33.434	8.1324	NA
20	48918761	20:48918761:A:C	A	C	0.634082	0.654407	0.672088	275488	15579	259909	ADD	0.0901744	0.0133412	45.6854	10.8575	NA
20	48925063	20:48925063:G:A	G	A	0.592425	0.611239	0.627934	275488	15579	259909	ADD	0.079153	0.0130542	36.7647	8.87522	NA
20	48927067	20:48927067:G:A	G	A	0.592371	0.611079	0.627876	275488	15579	259909	ADD	0.0786101	0.013053	36.2688	8.76474	NA
20	48933442	20:48933442:TA:T	TA	T	0.59275	0.611464	0.628278	275488	15579	259909	ADD	0.078728	0.0130543	36.3709	8.78749	NA
20	48935095	20:48935095:C:CTCTTTTTT	C	CTCTTTTTT	0.594293	0.613486	0.629914	275488	15579	259909	ADD	0.0802972	0.0130673	37.7597	9.09682	NA
20	48937855	20:48937855:A:G	A	G	0.593229	0.612042	0.628786	275488	15579	259909	ADD	0.0789872	0.0130581	36.5892	8.83612	NA
20	48955014	20:48955014:C:G	C	G	0.607184	0.625682	0.643578	275488	15579	259909	ADD	0.0783461	0.0131325	35.5909	8.61363	NA
20	48957061	20:48957061:G:A	G	A	0.589541	0.608126	0.624877	275488	15579	259909	ADD	0.0782502	0.0130382	36.0193	8.70913	NA
20	48962069	20:48962069:G:A	G	A	0.58957	0.608223	0.624908	275488	15579	259909	ADD	0.0780644	0.0130386	35.8461	8.67053	NA
20	48964162	20:48964162:T:A	T	A	0.604603	0.622537	0.640842	275488	15579	259909	ADD	0.0762442	0.0131148	33.7978	8.21361	NA
20	48966421	20:48966421:A:T	A	T	0.589539	0.608094	0.624875	275488	15579	259909	ADD	0.0778437	0.0130375	35.6498	8.62677	NA
20	48981960	20:48981960:G:C	G	C	0.589692	0.608158	0.625037	275488	15579	259909	ADD	0.0776468	0.0130395	35.4588	8.58419	NA
20	48982668	20:48982668:A:G	A	G	0.589821	0.608287	0.625173	275488	15579	259909	ADD	0.0775737	0.0130412	35.3831	8.56732	NA
20	48983153	20:48983153:C:T	C	T	0.589536	0.608158	0.624871	275488	15579	259909	ADD	0.0781754	0.0130381	35.951	8.69392	NA
20	49004835	20:49004835:G:A	G	A	0.594451	0.613711	0.630081	275488	15579	259909	ADD	0.080468	0.0130685	37.9139	9.13114	NA
20	49006883	20:49006883:G:T	G	T	0.585016	0.603729	0.620081	275488	15579	259909	ADD	0.0771278	0.0130153	35.1169	8.50795	NA
20	49007290	20:49007290:C:CT	C	CT	0.585735	0.605142	0.620843	275488	15579	259909	ADD	0.0804319	0.0130128	38.2044	9.19581	NA
20	49009007	20:49009007:T:C	T	C	0.609838	0.628378	0.64639	275488	15579	259909	ADD	0.0782101	0.0131528	35.358	8.56172	NA
20	49010633	20:49010633:G:T	G	T	0.607656	0.625554	0.644078	275488	15579	259909	ADD	0.0759124	0.0131343	33.405	8.12592	NA
20	49012496	20:49012496:T:TTTTG	T	TTTTG	0.601398	0.619841	0.637445	275488	15579	259909	ADD	0.0780956	0.013121	35.4259	8.57686	NA
20	49019178	20:49019178:G:A	G	A	0.592193	0.610951	0.627688	275488	15579	259909	ADD	0.0787694	0.0130536	36.4128	8.79682	NA
20	49022432	20:49022432:A:C	A	C	0.605103	0.623788	0.641371	275488	15579	259909	ADD	0.0788545	0.0131326	36.054	8.71688	NA
20	49022442	20:49022442:C:A	C	A	0.592347	0.610951	0.627851	275488	15579	259909	ADD	0.078046	0.0130538	35.7461	8.64824	NA
20	49022927	20:49022927:G:C	G	C	0.592362	0.610951	0.627867	275488	15579	259909	ADD	0.0780483	0.0130536	35.7493	8.64895	NA
20	49023929	20:49023929:C:G	C	G	0.592262	0.610886	0.627761	275488	15579	259909	ADD	0.0782575	0.0130529	35.9448	8.69253	NA
20	49028890	20:49028890:G:T	G	T	0.594382	0.613422	0.630008	275488	15579	259909	ADD	0.0795986	0.0130692	37.0949	8.94878	NA
20	49029673	20:49029673:G:C	G	C	0.59442	0.613614	0.630048	275488	15579	259909	ADD	0.0802197	0.013069	37.6769	9.07837	NA
20	49029784	20:49029784:G:C	G	C	0.407589	0.389049	0.43202	275488	15579	259909	ADD	-0.0777696	0.0130533	35.4961	8.5925	NA
20	49030531	20:49030531:G:A	G	A	0.592376	0.611015	0.627882	275488	15579	259909	ADD	0.0782033	0.0130538	35.89	8.68032	NA
20	49031816	20:49031816:A:G	A	G	0.592342	0.610919	0.627845	275488	15579	259909	ADD	0.0780902	0.0130527	35.7924	8.65855	NA
20	49032317	20:49032317:C:T	C	T	0.592325	0.610951	0.627828	275488	15579	259909	ADD	0.0781998	0.0130539	35.8866	8.67957	NA
20	49036827	20:49036827:C:CTTTG	C	CTTTG	0.592503	0.611143	0.628017	275488	15579	259909	ADD	0.0786366	0.0130565	36.2743	8.76597	NA
20	49037721	20:49037721:C:T	C	T	0.592316	0.610854	0.627819	275488	15579	259909	ADD	0.0778337	0.0130533	35.5545	8.60553	NA
20	49040250	20:49040250:A:G	A	G	0.407497	0.388857	0.431922	275488	15579	259909	ADD	-0.0781758	0.0130551	35.8581	8.67321	NA
20	49040352	20:49040352:T:C	T	C	0.592405	0.610983	0.627913	275488	15579	259909	ADD	0.0778893	0.013053	35.6067	8.61717	NA
20	49041814	20:49041814:C:T	C	T	0.407471	0.388857	0.431895	275488	15579	259909	ADD	-0.0781048	0.0130528	35.8054	8.66146	NA
20	49043748	20:49043748:T:A	T	A	0.407501	0.388921	0.431925	275488	15579	259909	ADD	-0.0780021	0.0130542	35.7035	8.63875	NA
20	49046090	20:49046090:G:C	G	C	0.592372	0.610951	0.627878	275488	15579	259909	ADD	0.0779887	0.013054	35.6923	8.63624	NA
20	49046286	20:49046286:T:G	T	G	0.592367	0.611015	0.627872	275488	15579	259909	ADD	0.0783941	0.0130539	36.0648	8.71928	NA
20	49046845	20:49046845:A:G	A	G	0.594547	0.613711	0.630183	275488	15579	259909	ADD	0.0800029	0.0130705	37.4652	9.03123	NA
20	49047407	20:49047407:G:C	G	C	0.592578	0.611432	0.628096	275488	15579	259909	ADD	0.0791073	0.0130568	36.7081	8.86263	NA
20	49050519	20:49050519:C:T	C	T	0.407644	0.388953	0.432077	275488	15579	259909	ADD	-0.078758	0.0130525	36.4085	8.79586	NA
20	49056693	20:49056693:G:GTTT	G	GTTT	0.591971	0.61063	0.627453	275488	15579	259909	ADD	0.0783668	0.0130514	36.0538	8.71683	NA
20	49058639	20:49058639:T:A	T	A	0.59245	0.610983	0.627961	275488	15579	259909	ADD	0.0779724	0.0130543	35.6761	8.63264	NA
20	49058988	20:49058988:G:A	G	A	0.407577	0.388889	0.432006	275488	15579	259909	ADD	-0.0785888	0.0130542	36.2428	8.75894	NA
20	49059744	20:49059744:G:A	G	A	0.405381	0.386193	0.429678	275488	15579	259909	ADD	-0.0801755	0.0130695	37.6327	9.06853	NA
20	49060480	20:49060480:G:GA	G	GA	0.405471	0.386289	0.429775	275488	15579	259909	ADD	-0.0801125	0.0130692	37.5754	9.05579	NA
20	49062233	20:49062233:A:G	A	G	0.592427	0.611111	0.627936	275488	15579	259909	ADD	0.0784908	0.0130542	36.1524	8.7388	NA
20	49070701	20:49070701:TG:T	TG	T	0.594959	0.614353	0.63062	275488	15579	259909	ADD	0.0807967	0.0130759	38.1808	9.19054	NA
20	49073602	20:49073602:T:C	T	C	0.593028	0.611817	0.628573	275488	15579	259909	ADD	0.0788921	0.0130602	36.4894	8.81389	NA
20	49073652	20:49073652:G:A	G	A	0.592977	0.611689	0.628519	275488	15579	259909	ADD	0.0784804	0.0130597	36.1124	8.72988	NA
20	49074054	20:49074054:T:G	T	G	0.592984	0.611817	0.628527	275488	15579	259909	ADD	0.0790385	0.0130588	36.6328	8.84585	NA
20	49075855	20:49075855:T:C	T	C	0.593039	0.611913	0.628584	275488	15579	259909	ADD	0.0792432	0.0130606	36.8126	8.88591	NA
20	49076290	20:49076290:T:C	T	C	0.592971	0.611753	0.628513	275488	15579	259909	ADD	0.0787656	0.0130594	36.377	8.78886	NA
20	49078854	20:49078854:G:A	G	A	0.407	0.388151	0.431394	275488	15579	259909	ADD	-0.0790746	0.01306	36.6594	8.85178	NA
20	49083120	20:49083120:G:A	G	A	0.406764	0.388087	0.431144	275488	15579	259909	ADD	-0.0784532	0.0130588	36.0922	8.72539	NA
20	49084802	20:49084802:A:G	A	G	0.404773	0.385455	0.429034	275488	15579	259909	ADD	-0.0807703	0.013075	38.1611	9.18617	NA
20	49085052	20:49085052:T:C	T	C	0.422568	0.40423	0.447896	275488	15579	259909	ADD	-0.0751958	0.0129753	33.5855	8.16622	NA
20	49087273	20:49087273:C:A	C	A	0.405455	0.386193	0.429757	275488	15579	259909	ADD	-0.0807783	0.0130701	38.197	9.19416	NA
20	49087502	20:49087502:C:T	C	T	0.423303	0.405065	0.448675	275488	15579	259909	ADD	-0.0750309	0.0129722	33.4543	8.13692	NA
20	49091407	20:49091407:C:T	C	T	0.423269	0.405097	0.448639	275488	15579	259909	ADD	-0.0748145	0.0129718	33.2639	8.0944	NA
20	49094021	20:49094021:ACAG:A	ACAG	A	0.407557	0.388793	0.431985	275488	15579	259909	ADD	-0.0789857	0.0130552	36.6041	8.83945	NA
20	49096526	20:49096526:C:T	C	T	0.407555	0.388825	0.431983	275488	15579	259909	ADD	-0.0789718	0.0130552	36.591	8.83652	NA
20	49097677	20:49097677:T:C	T	C	0.407655	0.388889	0.432089	275488	15579	259909	ADD	-0.0791539	0.013054	36.7668	8.87569	NA
20	49097754	20:49097754:A:G	A	G	0.407637	0.388921	0.43207	275488	15579	259909	ADD	-0.0788312	0.0130533	36.4719	8.80999	NA
20	49097833	20:49097833:T:C	T	C	0.407638	0.388889	0.432072	275488	15579	259909	ADD	-0.0790902	0.0130545	36.7053	8.86199	NA
20	49100868	20:49100868:T:C	T	C	0.405524	0.386193	0.42983	275488	15579	259909	ADD	-0.0809587	0.0130712	38.3614	9.23074	NA
20	49101894	20:49101894:C:G	C	G	0.407551	0.388825	0.431979	275488	15579	259909	ADD	-0.078959	0.013055	36.5806	8.83422	NA
20	49102057	20:49102057:T:C	T	C	0.407671	0.388921	0.432106	275488	15579	259909	ADD	-0.0789539	0.0130551	36.5754	8.83305	NA
20	49103273	20:49103273:G:A	G	A	0.407613	0.388857	0.432045	275488	15579	259909	ADD	-0.0790124	0.0130559	36.6248	8.84406	NA
20	49103412	20:49103412:T:C	T	C	0.407595	0.388857	0.432025	275488	15579	259909	ADD	-0.0789909	0.0130553	36.6085	8.84044	NA
20	49103849	20:49103849:G:C	G	C	0.4076	0.388793	0.432031	275488	15579	259909	ADD	-0.0793625	0.0130552	36.9541	8.91742	NA
20	49104420	20:49104420:T:C	T	C	0.407573	0.388825	0.432002	275488	15579	259909	ADD	-0.0788987	0.0130556	36.521	8.82094	NA
20	49104848	20:49104848:G:A	G	A	0.405675	0.386482	0.42999	275488	15579	259909	ADD	-0.0804335	0.0130691	37.8774	9.12302	NA
20	49105186	20:49105186:C:CAGG	C	CAGG	0.407666	0.388953	0.4321	275488	15579	259909	ADD	-0.0787413	0.0130549	36.3797	8.78944	NA
20	49105222	20:49105222:T:C	T	C	0.407646	0.388921	0.432079	275488	15579	259909	ADD	-0.0787371	0.0130545	36.3779	8.78906	NA
20	49105400	20:49105400:TTTG:T	TTTG	T	0.405613	0.386321	0.429925	275488	15579	259909	ADD	-0.0809048	0.0130702	38.3166	9.22077	NA
20	49107788	20:49107788:C:G	C	G	0.407604	0.388985	0.432035	275488	15579	259909	ADD	-0.0786006	0.0130523	36.2642	8.7637	NA
20	49109070	20:49109070:A:G	A	G	0.407657	0.388793	0.432091	275488	15579	259909	ADD	-0.0793937	0.0130538	36.991	8.92565	NA
20	49109263	20:49109263:CTG:C	CTG	C	0.400291	0.381796	0.424284	275488	15579	259909	ADD	-0.0788002	0.0130994	36.1867	8.74645	NA
20	49109592	20:49109592:T:C	T	C	0.407658	0.388889	0.432093	275488	15579	259909	ADD	-0.0789364	0.0130543	36.5637	8.83045	NA
20	49109692	20:49109692:C:CTTTT	C	CTTTT	0.406368	0.388022	0.430725	275488	15579	259909	ADD	-0.0771649	0.0130591	34.9149	8.4629	NA
20	49110542	20:49110542:G:A	G	A	0.406386	0.387316	0.430744	275488	15579	259909	ADD	-0.0801362	0.0130626	37.6356	9.06919	NA
20	49110804	20:49110804:A:G	A	G	0.407667	0.388857	0.432102	275488	15579	259909	ADD	-0.0791877	0.0130547	36.7946	8.88189	NA
20	49112292	20:49112292:GCTTA:G	GCTTA	G	0.407687	0.388793	0.432124	275488	15579	259909	ADD	-0.0792973	0.0130547	36.8964	8.90457	NA
20	49114621	20:49114621:T:C	T	C	0.406439	0.387156	0.4308	275488	15579	259909	ADD	-0.0812264	0.0130689	38.6291	9.29031	NA
20	49114691	20:49114691:A:C	A	C	0.408943	0.389146	0.433455	275488	15579	259909	ADD	-0.0826797	0.0130534	40.1192	9.62173	NA
20	49115230	20:49115230:C:T	C	T	0.3799	0.362154	0.402671	275488	15579	259909	ADD	-0.0774376	0.0132333	34.2427	8.31292	NA
20	49121421	20:49121421:A:C	A	C	0.407854	0.389242	0.432301	275488	15579	259909	ADD	-0.0787448	0.0130537	36.3898	8.79169	NA
20	49122656	20:49122656:G:A	G	A	0.4078	0.389242	0.432243	275488	15579	259909	ADD	-0.0786837	0.0130541	36.3307	8.77854	NA
20	49122878	20:49122878:C:T	C	T	0.405531	0.386257	0.429838	275488	15579	259909	ADD	-0.0807622	0.01307	38.1824	9.19092	NA
20	49123277	20:49123277:C:T	C	T	0.407883	0.38921	0.432331	275488	15579	259909	ADD	-0.0790164	0.0130526	36.6472	8.84904	NA
20	49125019	20:49125019:C:T	C	T	0.407597	0.388921	0.432027	275488	15579	259909	ADD	-0.0793742	0.0130527	36.979	8.92297	NA
20	49128154	20:49128154:G:GA	G	GA	0.406814	0.388247	0.431198	275488	15579	259909	ADD	-0.0792789	0.0130582	36.8595	8.89635	NA
20	49128547	20:49128547:G:C	G	C	0.406626	0.388022	0.430998	275488	15579	259909	ADD	-0.0787514	0.0130586	36.3685	8.78696	NA
20	49130090	20:49130090:A:AATAG	A	AATAG	0.406798	0.388279	0.431181	275488	15579	259909	ADD	-0.0788413	0.0130613	36.4366	8.80212	NA
20	49131838	20:49131838:G:A	G	A	0.40662	0.387894	0.430992	275488	15579	259909	ADD	-0.0789358	0.0130583	36.5406	8.82529	NA
20	49132759	20:49132759:CCAAAA:C	CCAAAA	C	0.406807	0.388151	0.431191	275488	15579	259909	ADD	-0.0791475	0.0130556	36.7518	8.87234	NA
20	49133840	20:49133840:C:A	C	A	0.405593	0.386353	0.429904	275488	15579	259909	ADD	-0.0806843	0.0130697	38.1106	9.17492	NA
20	49135171	20:49135171:AAAG:A	AAAG	A	0.40566	0.386482	0.429975	275488	15579	259909	ADD	-0.0804616	0.0130695	37.9018	9.12845	NA
20	49136482	20:49136482:C:T	C	T	0.406693	0.388054	0.431069	275488	15579	259909	ADD	-0.0790271	0.0130585	36.624	8.84388	NA
20	49136728	20:49136728:C:T	C	T	0.4068	0.388215	0.431183	275488	15579	259909	ADD	-0.0786024	0.0130573	36.2383	8.75794	NA
20	49138538	20:49138538:G:A	G	A	0.406604	0.387894	0.430975	275488	15579	259909	ADD	-0.0788335	0.0130588	36.443	8.80356	NA
20	49139205	20:49139205:C:T	C	T	0.406731	0.388087	0.43111	275488	15579	259909	ADD	-0.0789441	0.013058	36.5496	8.8273	NA
20	49141426	20:49141426:C:T	C	T	0.406682	0.388087	0.431058	275488	15579	259909	ADD	-0.0787416	0.0130586	36.3593	8.7849	NA
20	49142012	20:49142012:C:T	C	T	0.405787	0.386674	0.430109	275488	15579	259909	ADD	-0.0800988	0.0130679	37.5698	9.05453	NA
20	49142182	20:49142182:G:A	G	A	0.406631	0.387958	0.431004	275488	15579	259909	ADD	-0.078745	0.0130595	36.3572	8.78443	NA
20	49143463	20:49143463:T:C	T	C	0.406784	0.388183	0.431166	275488	15579	259909	ADD	-0.0789106	0.0130585	36.5161	8.81985	NA
20	49144319	20:49144319:A:G	A	G	0.406762	0.388087	0.431142	275488	15579	259909	ADD	-0.0790407	0.0130587	36.6357	8.84649	NA
20	49144320	20:49144320:G:C	G	C	0.40676	0.388087	0.431141	275488	15579	259909	ADD	-0.0790353	0.0130587	36.6304	8.8453	NA
20	49146163	20:49146163:G:A	G	A	0.40564	0.38645	0.429954	275488	15579	259909	ADD	-0.0803478	0.0130667	37.8108	9.10819	NA
20	49147021	20:49147021:C:A	C	A	0.406633	0.387926	0.431006	275488	15579	259909	ADD	-0.0787519	0.0130591	36.3662	8.78644	NA
20	49149660	20:49149660:T:C	T	C	0.406657	0.387958	0.431031	275488	15579	259909	ADD	-0.0788616	0.0130586	36.4704	8.80966	NA
20	49150392	20:49150392:C:T	C	T	0.406515	0.387894	0.430881	275488	15579	259909	ADD	-0.0787987	0.0130594	36.4076	8.79566	NA
20	49152620	20:49152620:G:A	G	A	0.406657	0.388054	0.431031	275488	15579	259909	ADD	-0.0786889	0.013058	36.3137	8.77474	NA
20	49153300	20:49153300:A:AT	A	AT	0.405706	0.386546	0.430023	275488	15579	259909	ADD	-0.0801419	0.0130667	37.6176	9.06518	NA
20	49153301	20:49153301:C:G	C	G	0.405706	0.386546	0.430023	275488	15579	259909	ADD	-0.0801419	0.0130667	37.6176	9.06518	NA
20	49153402	20:49153402:T:TA	T	TA	0.406363	0.387862	0.430719	275488	15579	259909	ADD	-0.0791875	0.0130538	36.7992	8.88292	NA
20	49154219	20:49154219:A:C	A	C	0.405729	0.386514	0.430048	275488	15579	259909	ADD	-0.0805492	0.0130684	37.9908	9.14826	NA
20	49154737	20:49154737:G:A	G	A	0.406733	0.388054	0.431112	275488	15579	259909	ADD	-0.0791627	0.0130586	36.7491	8.87175	NA
20	49157629	20:49157629:A:G	A	G	0.406834	0.388119	0.431219	275488	15579	259909	ADD	-0.0792028	0.0130566	36.7979	8.88264	NA
20	49157806	20:49157806:G:A	G	A	0.406729	0.388119	0.431108	275488	15579	259909	ADD	-0.0788453	0.0130571	36.4638	8.80818	NA
20	49159159	20:49159159:A:C	A	C	0.406655	0.38799	0.431029	275488	15579	259909	ADD	-0.0788534	0.0130591	36.46	8.80735	NA
20	49160382	20:49160382:A:T	A	T	0.40572	0.386482	0.430038	275488	15579	259909	ADD	-0.0806653	0.0130677	38.1041	9.17348	NA
20	49162803	20:49162803:T:C	T	C	0.401961	0.382791	0.426054	275488	15579	259909	ADD	-0.0815541	0.0131271	38.597	9.28316	NA
20	49165819	20:49165819:CCT:C	CCT	C	0.406657	0.387926	0.431031	275488	15579	259909	ADD	-0.0793598	0.0130597	36.9264	8.91124	NA
20	49166558	20:49166558:T:C	T	C	0.406618	0.387798	0.43099	275488	15579	259909	ADD	-0.0794933	0.0130597	37.0507	8.93893	NA
20	49167233	20:49167233:T:TG	T	TG	0.405693	0.386321	0.430009	275488	15579	259909	ADD	-0.0811339	0.0130693	38.5388	9.27021	NA
20	49170785	20:49170785:G:GA	G	GA	0.396338	0.377752	0.420094	275488	15579	259909	ADD	-0.0762057	0.0131213	33.7302	8.19854	NA
20	49173312	20:49173312:C:G	C	G	0.405586	0.386289	0.429896	275488	15579	259909	ADD	-0.0808718	0.0130684	38.2958	9.21615	NA
20	49175708	20:49175708:C:T	C	T	0.405562	0.38645	0.429871	275488	15579	259909	ADD	-0.0800557	0.0130676	37.5315	9.046	NA
20	49175920	20:49175920:A:C	A	C	0.405702	0.386353	0.430019	275488	15579	259909	ADD	-0.0810252	0.0130671	38.4489	9.25022	NA
20	49179247	20:49179247:CA:C	CA	C	0.406511	0.387701	0.430877	275488	15579	259909	ADD	-0.079371	0.0130561	36.9571	8.91808	NA
20	49181116	20:49181116:G:A	G	A	0.406533	0.387798	0.4309	275488	15579	259909	ADD	-0.0789411	0.0130591	36.5409	8.82538	NA
20	49182127	20:49182127:T:C	T	C	0.406598	0.38783	0.430969	275488	15579	259909	ADD	-0.0791282	0.0130587	36.7168	8.86455	NA
20	49191533	20:49191533:G:A	G	A	0.405809	0.386578	0.430132	275488	15579	259909	ADD	-0.0807168	0.0130667	38.1586	9.18561	NA
20	49194429	20:49194429:CA:C	CA	C	0.403194	0.384717	0.42736	275488	15579	259909	ADD	-0.0758892	0.0130677	33.726	8.19759	NA
20	49199407	20:49199407:T:C	T	C	0.405635	0.386546	0.429948	275488	15579	259909	ADD	-0.0802802	0.013055	37.8146	9.10904	NA
20	49202030	20:49202030:C:T	C	T	0.405774	0.386995	0.430096	275488	15579	259909	ADD	-0.0793213	0.0130627	36.8734	8.89945	NA
20	49202768	20:49202768:G:A	G	A	0.405742	0.386706	0.430061	275488	15579	259909	ADD	-0.0802805	0.0130656	37.7539	9.09553	NA
20	49204089	20:49204089:G:T	G	T	0.405764	0.386706	0.430084	275488	15579	259909	ADD	-0.0803416	0.0130664	37.8067	9.10728	NA
20	49204130	20:49204130:T:A	T	A	0.405887	0.386899	0.430215	275488	15579	259909	ADD	-0.0801769	0.0130646	37.6625	9.07518	NA
20	49204492	20:49204492:G:A	G	A	0.374269	0.356634	0.396702	275488	15579	259909	ADD	-0.0750899	0.013258	32.0778	7.82939	NA
20	49210048	20:49210048:C:CA	C	CA	0.389558	0.372007	0.412907	275488	15579	259909	ADD	-0.076162	0.0131699	33.4434	8.1345	NA
20	49211989	20:49211989:G:T	G	T	0.38954	0.371879	0.412888	275488	15579	259909	ADD	-0.0765914	0.0131705	33.8184	8.21821	NA
20	49224602	20:49224602:A:T	A	T	0.389814	0.372071	0.413179	275488	15579	259909	ADD	-0.0763849	0.0131715	33.6313	8.17644	NA
20	49226609	20:49226609:A:T	A	T	0.389774	0.371975	0.413136	275488	15579	259909	ADD	-0.076614	0.0131726	33.8278	8.22032	NA
20	49251062	20:49251062:T:G	T	G	0.390859	0.372617	0.414287	275488	15579	259909	ADD	-0.0781307	0.0131693	35.1982	8.52607	NA
20	49256363	20:49256363:T:C	T	C	0.390727	0.372521	0.414146	275488	15579	259909	ADD	-0.0781851	0.013171	35.2379	8.53494	NA
20	49267405	20:49267405:T:A	T	A	0.412375	0.394698	0.437093	275488	15579	259909	ADD	-0.0710435	0.0130341	29.7087	7.29923	NA
20	49274119	20:49274119:A:G	A	G	0.391124	0.373098	0.414567	275488	15579	259909	ADD	-0.0773169	0.0131659	34.4866	8.36734	NA
20	49275101	20:49275101:C:T	C	T	0.390888	0.372745	0.414317	275488	15579	259909	ADD	-0.0778297	0.0131678	34.9351	8.46739	NA
20	49278429	20:49278429:G:A	G	A	0.389233	0.371333	0.412563	275488	15579	259909	ADD	-0.0775482	0.0131771	34.6343	8.40029	NA
20	49291253	20:49291253:A:G	A	G	0.390944	0.372713	0.414377	275488	15579	259909	ADD	-0.0779372	0.0131692	35.0244	8.48732	NA
20	49297643	20:49297643:G:C	G	C	0.391015	0.372906	0.414452	275488	15579	259909	ADD	-0.0775925	0.0131681	34.7212	8.41968	NA
